Date,PolarityScore,SubjectivityScore
01/01/2018,0.068,0.382
02/01/2018,0.064,0.385
03/01/2018,0.07,0.382
04/01/2018,0.089,0.403
05/01/2018,0.069,0.391
06/01/2018,0.087,0.407
07/01/2018,0.065,0.373
08/01/2018,0.078,0.393
09/01/2018,0.071,0.379
10/01/2018,0.071,0.389
11/01/2018,0.075,0.385
12/01/2018,0.081,0.381
13/01/2018,0.065,0.375
14/01/2018,0.076,0.395
15/01/2018,0.08,0.401
16/01/2018,0.078,0.392
17/01/2018,0.076,0.379
18/01/2018,0.072,0.371
19/01/2018,0.085,0.378
20/01/2018,0.073,0.394
21/01/2018,0.076,0.396
22/01/2018,0.086,0.418
23/01/2018,0.093,0.393
24/01/2018,0.084,0.391
25/01/2018,0.059,0.393
26/01/2018,0.099,0.372
27/01/2018,0.073,0.39
28/01/2018,0.081,0.406
29/01/2018,0.081,0.395
30/01/2018,0.072,0.379
31/01/2018,0.065,0.375
01/02/2018,0.073,0.388
02/02/2018,0.069,0.396
03/02/2018,0.072,0.406
04/02/2018,0.086,0.38
05/02/2018,0.08,0.387
06/02/2018,0.071,0.394
07/02/2018,0.087,0.384
08/02/2018,0.085,0.382
09/02/2018,0.068,0.39
10/02/2018,0.076,0.375
11/02/2018,0.068,0.377
12/02/2018,0.066,0.388
13/02/2018,0.069,0.37
14/02/2018,0.087,0.391
15/02/2018,0.068,0.378
16/02/2018,0.076,0.389
17/02/2018,0.085,0.385
18/02/2018,0.051,0.389
19/02/2018,0.066,0.396
20/02/2018,0.069,0.38
21/02/2018,0.067,0.39
22/02/2018,0.058,0.384
23/02/2018,0.081,0.391
24/02/2018,0.072,0.377
25/02/2018,0.066,0.385
26/02/2018,0.086,0.4
27/02/2018,0.075,0.39
28/02/2018,0.067,0.384
01/03/2018,0.069,0.396
02/03/2018,0.074,0.381
03/03/2018,0.079,0.404
04/03/2018,0.063,0.388
05/03/2018,0.065,0.389
06/03/2018,0.081,0.388
07/03/2018,0.076,0.385
08/03/2018,0.08,0.394
09/03/2018,0.076,0.386
10/03/2018,0.095,0.393
11/03/2018,0.084,0.382
12/03/2018,0.076,0.396
13/03/2018,0.074,0.377
14/03/2018,0.05,0.366
15/03/2018,0.079,0.4
16/03/2018,0.048,0.363
17/03/2018,0.088,0.413
18/03/2018,0.077,0.399
19/03/2018,0.077,0.391
20/03/2018,0.087,0.397
21/03/2018,0.084,0.395
22/03/2018,0.088,0.398
23/03/2018,0.062,0.382
24/03/2018,0.092,0.396
25/03/2018,0.073,0.363
26/03/2018,0.077,0.409
27/03/2018,0.08,0.388
28/03/2018,0.064,0.363
29/03/2018,0.067,0.368
30/03/2018,0.062,0.369
31/03/2018,0.062,0.406
01/04/2018,0.075,0.385
02/04/2018,0.079,0.393
03/04/2018,0.079,0.394
04/04/2018,0.07,0.382
05/04/2018,0.093,0.391
06/04/2018,0.074,0.384
07/04/2018,0.07,0.404
08/04/2018,0.081,0.406
09/04/2018,0.079,0.389
10/04/2018,0.08,0.383
11/04/2018,0.069,0.382
12/04/2018,0.071,0.4
13/04/2018,0.081,0.389
14/04/2018,0.075,0.388
15/04/2018,0.069,0.38
16/04/2018,0.08,0.398
17/04/2018,0.09,0.388
18/04/2018,0.09,0.401
19/04/2018,0.068,0.384
20/04/2018,0.08,0.391
21/04/2018,0.089,0.407
22/04/2018,0.085,0.388
23/04/2018,0.08,0.392
24/04/2018,0.071,0.388
25/04/2018,0.068,0.4
26/04/2018,0.068,0.386
27/04/2018,0.079,0.381
28/04/2018,0.071,0.385
29/04/2018,0.081,0.397
30/04/2018,0.07,0.378
01/05/2018,0.087,0.372
02/05/2018,0.058,0.375
03/05/2018,0.054,0.374
04/05/2018,0.055,0.379
05/05/2018,0.096,0.41
06/05/2018,0.075,0.402
07/05/2018,0.079,0.388
08/05/2018,0.05,0.392
09/05/2018,0.068,0.393
10/05/2018,0.069,0.381
11/05/2018,0.062,0.377
12/05/2018,0.081,0.415
13/05/2018,0.071,0.39
14/05/2018,0.059,0.381
15/05/2018,0.075,0.392
16/05/2018,0.055,0.378
17/05/2018,0.056,0.375
18/05/2018,0.049,0.398
19/05/2018,0.087,0.428
20/05/2018,0.07,0.369
21/05/2018,0.064,0.39
22/05/2018,0.061,0.375
23/05/2018,0.048,0.392
24/05/2018,0.074,0.384
25/05/2018,0.064,0.387
26/05/2018,0.096,0.406
27/05/2018,0.08,0.373
28/05/2018,0.069,0.396
29/05/2018,0.046,0.37
30/05/2018,0.04,0.365
31/05/2018,0.062,0.376
01/06/2018,0.05,0.38
02/06/2018,0.088,0.414
03/06/2018,0.063,0.398
04/06/2018,0.052,0.385
05/06/2018,0.056,0.382
06/06/2018,0.058,0.372
07/06/2018,0.073,0.387
08/06/2018,0.048,0.39
09/06/2018,0.084,0.397
10/06/2018,0.064,0.375
11/06/2018,0.075,0.379
12/06/2018,0.068,0.376
13/06/2018,0.065,0.376
14/06/2018,0.055,0.364
15/06/2018,0.068,0.382
16/06/2018,0.084,0.39
17/06/2018,0.073,0.383
18/06/2018,0.06,0.381
19/06/2018,0.063,0.376
20/06/2018,0.07,0.376
21/06/2018,0.057,0.376
22/06/2018,0.054,0.369
23/06/2018,0.078,0.401
24/06/2018,0.047,0.362
25/06/2018,0.063,0.397
26/06/2018,0.06,0.38
27/06/2018,0.046,0.393
28/06/2018,0.043,0.375
29/06/2018,0.077,0.393
30/06/2018,0.053,0.402
01/07/2018,0.064,0.392
02/07/2018,0.056,0.374
03/07/2018,0.05,0.375
04/07/2018,0.064,0.395
05/07/2018,0.057,0.39
06/07/2018,0.073,0.384
07/07/2018,0.102,0.356
08/07/2018,0.069,0.388
09/07/2018,0.092,0.401
10/07/2018,0.075,0.384
11/07/2018,0.08,0.39
12/07/2018,0.055,0.395
13/07/2018,0.07,0.376
14/07/2018,0.055,0.345
15/07/2018,0.081,0.361
16/07/2018,0.059,0.386
17/07/2018,0.059,0.394
18/07/2018,0.054,0.401
19/07/2018,0.059,0.36
20/07/2018,0.059,0.374
21/07/2018,0.053,0.373
22/07/2018,0.064,0.398
23/07/2018,0.079,0.395
24/07/2018,0.076,0.392
25/07/2018,0.077,0.389
26/07/2018,0.064,0.369
27/07/2018,0.067,0.392
28/07/2018,0.063,0.377
29/07/2018,0.076,0.381
30/07/2018,0.07,0.388
31/07/2018,0.054,0.387
01/08/2018,0.054,0.374
02/08/2018,0.047,0.399
03/08/2018,0.069,0.39
04/08/2018,0.075,0.394
05/08/2018,0.073,0.39
06/08/2018,0.07,0.391
07/08/2018,0.06,0.365
08/08/2018,0.077,0.372
09/08/2018,0.059,0.379
10/08/2018,0.051,0.374
11/08/2018,0.076,0.369
12/08/2018,0.055,0.398
13/08/2018,0.062,0.382
14/08/2018,0.074,0.385
15/08/2018,0.08,0.373
16/08/2018,0.061,0.379
17/08/2018,0.085,0.399
18/08/2018,0.084,0.4
19/08/2018,0.044,0.379
20/08/2018,0.079,0.407
21/08/2018,0.084,0.39
22/08/2018,0.078,0.381
23/08/2018,0.074,0.397
24/08/2018,0.068,0.381
25/08/2018,0.069,0.386
26/08/2018,0.074,0.4
27/08/2018,0.092,0.401
28/08/2018,0.06,0.387
29/08/2018,0.066,0.389
30/08/2018,0.059,0.387
31/08/2018,0.051,0.391
01/09/2018,0.082,0.365
02/09/2018,0.067,0.37
03/09/2018,0.073,0.387
04/09/2018,0.062,0.384
05/09/2018,0.058,0.399
06/09/2018,0.06,0.378
07/09/2018,0.06,0.377
08/09/2018,0.076,0.405
09/09/2018,0.071,0.391
10/09/2018,0.052,0.384
11/09/2018,0.063,0.396
12/09/2018,0.055,0.391
13/09/2018,0.074,0.398
14/09/2018,0.083,0.391
15/09/2018,0.077,0.41
16/09/2018,0.047,0.377
17/09/2018,0.072,0.407
18/09/2018,0.066,0.388
19/09/2018,0.064,0.403
20/09/2018,0.064,0.382
21/09/2018,0.067,0.385
22/09/2018,0.084,0.343
23/09/2018,0.075,0.4
24/09/2018,0.053,0.397
25/09/2018,0.052,0.397
26/09/2018,0.059,0.384
27/09/2018,0.054,0.391
28/09/2018,0.058,0.378
29/09/2018,0.075,0.389
30/09/2018,0.092,0.398
01/10/2018,0.069,0.376
02/10/2018,0.047,0.405
03/10/2018,0.056,0.375
04/10/2018,0.053,0.396
05/10/2018,0.055,0.375
06/10/2018,0.049,0.395
07/10/2018,0.056,0.399
08/10/2018,0.067,0.395
09/10/2018,0.062,0.391
10/10/2018,0.069,0.391
11/10/2018,0.054,0.394
12/10/2018,0.065,0.384
13/10/2018,0.052,0.395
14/10/2018,0.1,0.375
15/10/2018,0.066,0.387
16/10/2018,0.073,0.385
17/10/2018,0.072,0.394
18/10/2018,0.068,0.386
19/10/2018,0.046,0.375
20/10/2018,0.071,0.375
21/10/2018,0.081,0.367
22/10/2018,0.063,0.371
23/10/2018,0.055,0.377
24/10/2018,0.071,0.4
25/10/2018,0.049,0.376
26/10/2018,0.06,0.381
27/10/2018,0.064,0.391
28/10/2018,0.07,0.372
29/10/2018,0.084,0.395
30/10/2018,0.057,0.371
31/10/2018,0.07,0.393
01/11/2018,0.077,0.379
02/11/2018,0.066,0.387
03/11/2018,0.06,0.38
04/11/2018,0.052,0.372
05/11/2018,0.064,0.384
06/11/2018,0.049,0.388
07/11/2018,0.065,0.407
08/11/2018,0.081,0.393
09/11/2018,0.048,0.381
10/11/2018,0.048,0.394
11/11/2018,0.041,0.397
12/11/2018,0.063,0.394
13/11/2018,0.072,0.381
14/11/2018,0.054,0.379
15/11/2018,0.067,0.385
16/11/2018,0.071,0.402
17/11/2018,0.071,0.402
18/11/2018,0.075,0.386
19/11/2018,0.06,0.385
20/11/2018,0.063,0.377
21/11/2018,0.054,0.386
22/11/2018,0.055,0.395
23/11/2018,0.078,0.387
24/11/2018,0.063,0.407
25/11/2018,0.071,0.406
26/11/2018,0.069,0.39
27/11/2018,0.057,0.379
28/11/2018,0.055,0.382
29/11/2018,0.071,0.392
30/11/2018,0.076,0.377
01/12/2018,0.068,0.362
02/12/2018,0.061,0.374
03/12/2018,0.072,0.398
04/12/2018,0.057,0.384
05/12/2018,0.045,0.385
06/12/2018,0.039,0.374
07/12/2018,0.057,0.386
08/12/2018,0.059,0.381
09/12/2018,0.065,0.391
10/12/2018,0.05,0.39
11/12/2018,0.055,0.394
12/12/2018,0.073,0.396
13/12/2018,0.09,0.396
14/12/2018,0.071,0.384
15/12/2018,0.07,0.376
16/12/2018,0.08,0.392
17/12/2018,0.084,0.388
18/12/2018,0.057,0.393
19/12/2018,0.07,0.389
20/12/2018,0.057,0.375
21/12/2018,0.052,0.379
22/12/2018,0.059,0.401
23/12/2018,0.067,0.385
24/12/2018,0.06,0.398
25/12/2018,0.071,0.397
26/12/2018,0.058,0.38
27/12/2018,0.07,0.379
28/12/2018,0.083,0.4
29/12/2018,0.068,0.381
30/12/2018,0.077,0.422
31/12/2018,0.081,0.385
01/01/2019,0.073,0.388
02/01/2019,0.041,0.384
03/01/2019,0.052,0.395
04/01/2019,0.051,0.39
05/01/2019,0.061,0.4
06/01/2019,0.06,0.377
07/01/2019,0.073,0.389
08/01/2019,0.065,0.394
09/01/2019,0.063,0.386
10/01/2019,0.067,0.391
11/01/2019,0.065,0.377
12/01/2019,0.095,0.405
13/01/2019,0.075,0.409
14/01/2019,0.053,0.374
15/01/2019,0.076,0.384
16/01/2019,0.068,0.383
17/01/2019,0.069,0.392
18/01/2019,0.056,0.377
19/01/2019,0.072,0.386
20/01/2019,0.057,0.376
21/01/2019,0.07,0.383
22/01/2019,0.052,0.373
23/01/2019,0.069,0.38
24/01/2019,0.054,0.376
25/01/2019,0.069,0.38
26/01/2019,0.084,0.409
27/01/2019,0.088,0.394
28/01/2019,0.054,0.386
29/01/2019,0.059,0.378
30/01/2019,0.055,0.366
31/01/2019,0.073,0.387
01/02/2019,0.072,0.369
02/02/2019,0.063,0.391
03/02/2019,0.091,0.375
04/02/2019,0.068,0.374
05/02/2019,0.059,0.383
06/02/2019,0.068,0.384
07/02/2019,0.075,0.378
08/02/2019,0.046,0.371
09/02/2019,0.064,0.39
10/02/2019,0.069,0.4
11/02/2019,0.044,0.383
12/02/2019,0.045,0.379
13/02/2019,0.068,0.379
14/02/2019,0.068,0.396
15/02/2019,0.047,0.377
16/02/2019,0.051,0.382
17/02/2019,0.069,0.397
18/02/2019,0.061,0.394
19/02/2019,0.069,0.392
20/02/2019,0.062,0.39
21/02/2019,0.071,0.38
22/02/2019,0.072,0.378
23/02/2019,0.082,0.405
24/02/2019,0.058,0.407
25/02/2019,0.08,0.402
26/02/2019,0.05,0.395
27/02/2019,0.071,0.392
28/02/2019,0.061,0.382
01/03/2019,0.075,0.381
02/03/2019,0.072,0.39
03/03/2019,0.113,0.426
04/03/2019,0.065,0.395
05/03/2019,0.074,0.378
06/03/2019,0.085,0.386
07/03/2019,0.063,0.385
08/03/2019,0.052,0.38
09/03/2019,0.088,0.398
10/03/2019,0.064,0.408
11/03/2019,0.071,0.384
12/03/2019,0.085,0.385
13/03/2019,0.067,0.368
14/03/2019,0.059,0.37
15/03/2019,0.075,0.38
16/03/2019,0.073,0.394
17/03/2019,0.064,0.386
18/03/2019,0.072,0.388
19/03/2019,0.076,0.395
20/03/2019,0.058,0.392
21/03/2019,0.069,0.367
22/03/2019,0.055,0.369
23/03/2019,0.067,0.386
24/03/2019,0.056,0.387
25/03/2019,0.057,0.387
26/03/2019,0.072,0.382
27/03/2019,0.078,0.388
28/03/2019,0.075,0.378
29/03/2019,0.076,0.373
30/03/2019,0.057,0.396
31/03/2019,0.073,0.352
01/04/2019,0.084,0.383
02/04/2019,0.073,0.381
03/04/2019,0.069,0.387
04/04/2019,0.06,0.38
05/04/2019,0.068,0.39
06/04/2019,0.066,0.391
07/04/2019,0.062,0.386
08/04/2019,0.08,0.389
09/04/2019,0.061,0.382
10/04/2019,0.058,0.373
11/04/2019,0.056,0.38
12/04/2019,0.051,0.378
13/04/2019,0.086,0.384
14/04/2019,0.053,0.375
15/04/2019,0.077,0.39
16/04/2019,0.072,0.387
17/04/2019,0.067,0.408
18/04/2019,0.056,0.38
19/04/2019,0.077,0.379
20/04/2019,0.066,0.412
21/04/2019,0.073,0.398
22/04/2019,0.059,0.394
23/04/2019,0.016,0.153
24/04/2019,0.066,0.384
25/04/2019,0.062,0.364
26/04/2019,0.061,0.386
27/04/2019,0.057,0.381
28/04/2019,0.076,0.388
29/04/2019,0.079,0.384
30/04/2019,0.058,0.373
01/05/2019,0.068,0.39
02/05/2019,0.067,0.371
03/05/2019,0.076,0.394
04/05/2019,0.104,0.419
05/05/2019,0.06,0.407
06/05/2019,0.051,0.371
07/05/2019,0.07,0.38
08/05/2019,0.053,0.375
09/05/2019,0.05,0.371
10/05/2019,0.062,0.357
11/05/2019,0.067,0.369
12/05/2019,0.062,0.395
13/05/2019,0.063,0.381
14/05/2019,0.06,0.372
15/05/2019,0.064,0.385
16/05/2019,0.063,0.385
17/05/2019,0.058,0.373
18/05/2019,0.083,0.414
19/05/2019,0.068,0.406
20/05/2019,0.073,0.39
21/05/2019,0.058,0.373
22/05/2019,0.055,0.374
23/05/2019,0.085,0.38
24/05/2019,0.077,0.379
25/05/2019,0.073,0.397
26/05/2019,0.073,0.371
27/05/2019,0.076,0.389
28/05/2019,0.074,0.382
29/05/2019,0.045,0.369
30/05/2019,0.068,0.393
31/05/2019,0.06,0.378
01/06/2019,0.048,0.339
02/06/2019,0.071,0.383
03/06/2019,0.07,0.391
04/06/2019,0.07,0.398
05/06/2019,0.05,0.374
06/06/2019,0.043,0.386
07/06/2019,0.049,0.376
08/06/2019,0.065,0.384
09/06/2019,0.078,0.403
10/06/2019,0.072,0.396
11/06/2019,0.055,0.375
12/06/2019,0.049,0.385
13/06/2019,0.051,0.381
14/06/2019,0.05,0.399
15/06/2019,0.059,0.402
16/06/2019,0.071,0.369
17/06/2019,0.055,0.38
18/06/2019,0.07,0.39
19/06/2019,0.074,0.389
20/06/2019,0.068,0.391
21/06/2019,0.054,0.388
22/06/2019,0.064,0.371
23/06/2019,0.066,0.392
24/06/2019,0.064,0.391
25/06/2019,0.071,0.383
26/06/2019,0.06,0.382
27/06/2019,0.069,0.373
28/06/2019,0.052,0.388
29/06/2019,0.071,0.389
30/06/2019,0.071,0.375
01/07/2019,0.066,0.382
02/07/2019,0.061,0.388
03/07/2019,0.054,0.385
04/07/2019,0.067,0.385
05/07/2019,0.063,0.373
06/07/2019,0.1,0.401
07/07/2019,0.097,0.401
08/07/2019,0.059,0.384
09/07/2019,0.059,0.384
10/07/2019,0.059,0.377
11/07/2019,0.075,0.388
12/07/2019,0.063,0.39
13/07/2019,0.058,0.378
14/07/2019,0.072,0.383
15/07/2019,0.057,0.38
16/07/2019,0.071,0.39
17/07/2019,0.061,0.379
18/07/2019,0.039,0.375
19/07/2019,0.049,0.376
20/07/2019,0.079,0.402
21/07/2019,0.06,0.369
22/07/2019,0.048,0.375
23/07/2019,0.061,0.381
24/07/2019,0.046,0.37
25/07/2019,0.055,0.378
26/07/2019,0.05,0.378
27/07/2019,0.076,0.388
28/07/2019,0.084,0.392
29/07/2019,0.045,0.387
30/07/2019,0.051,0.389
31/07/2019,0.048,0.378
01/08/2019,0.038,0.371
02/08/2019,0.046,0.366
03/08/2019,0.071,0.381
04/08/2019,0.058,0.396
05/08/2019,0.048,0.38
06/08/2019,0.065,0.376
07/08/2019,0.064,0.384
08/08/2019,0.068,0.389
09/08/2019,0.084,0.382
10/08/2019,0.089,0.375
11/08/2019,0.046,0.377
12/08/2019,0.075,0.388
13/08/2019,0.045,0.376
14/08/2019,0.065,0.373
15/08/2019,0.043,0.372
16/08/2019,0.048,0.383
17/08/2019,0.066,0.394
18/08/2019,0.075,0.382
19/08/2019,0.069,0.375
20/08/2019,0.048,0.376
21/08/2019,0.047,0.371
22/08/2019,0.049,0.375
23/08/2019,0.06,0.379
24/08/2019,0.111,0.43
25/08/2019,0.069,0.392
26/08/2019,0.063,0.372
27/08/2019,0.073,0.388
28/08/2019,0.04,0.373
29/08/2019,0.05,0.387
30/08/2019,0.062,0.391
31/08/2019,0.076,0.373
01/09/2019,0.054,0.36
02/09/2019,0.073,0.389
03/09/2019,0.05,0.375
04/09/2019,0.06,0.381
05/09/2019,0.024,0.144
06/09/2019,0.051,0.375
07/09/2019,0.095,0.372
08/09/2019,0.059,0.385
09/09/2019,0.071,0.386
10/09/2019,0.082,0.386
11/09/2019,0.08,0.38
12/09/2019,0.065,0.384
13/09/2019,0.054,0.387
14/09/2019,0.076,0.397
15/09/2019,0.072,0.395
16/09/2019,0.047,0.394
17/09/2019,0.034,0.383
18/09/2019,0.049,0.393
19/09/2019,0.056,0.388
20/09/2019,0.076,0.378
21/09/2019,0.086,0.402
22/09/2019,0.062,0.363
23/09/2019,0.062,0.378
24/09/2019,0.064,0.371
25/09/2019,0.053,0.37
26/09/2019,0.069,0.38
27/09/2019,0.039,0.371
28/09/2019,0.074,0.393
29/09/2019,0.075,0.378
30/09/2019,0.051,0.38
01/10/2019,0.061,0.376
02/10/2019,0.063,0.373
03/10/2019,0.064,0.384
04/10/2019,0.06,0.376
05/10/2019,0.076,0.378
06/10/2019,0.059,0.403
07/10/2019,0.055,0.377
08/10/2019,0.064,0.394
09/10/2019,0.055,0.366
10/10/2019,0.046,0.368
11/10/2019,0.057,0.378
12/10/2019,0.085,0.416
13/10/2019,0.078,0.375
14/10/2019,0.075,0.389
15/10/2019,0.073,0.391
16/10/2019,0.064,0.383
17/10/2019,0.056,0.377
18/10/2019,0.069,0.378
19/10/2019,0.071,0.396
20/10/2019,0.077,0.388
21/10/2019,0.077,0.379
22/10/2019,0.064,0.366
23/10/2019,0.069,0.37
24/10/2019,0.06,0.373
25/10/2019,0.063,0.377
26/10/2019,0.059,0.389
27/10/2019,0.089,0.407
28/10/2019,0.089,0.401
29/10/2019,0.065,0.367
30/10/2019,0.074,0.373
31/10/2019,0.07,0.379
01/11/2019,0.064,0.373
02/11/2019,0.07,0.413
03/11/2019,0.068,0.386
04/11/2019,0.084,0.38
05/11/2019,0.064,0.384
06/11/2019,0.053,0.374
07/11/2019,0.068,0.361
08/11/2019,0.056,0.379
09/11/2019,0.051,0.368
10/11/2019,0.064,0.38
11/11/2019,0.063,0.37
12/11/2019,0.068,0.369
13/11/2019,0.054,0.368
14/11/2019,0.06,0.362
15/11/2019,0.054,0.36
16/11/2019,0.061,0.373
17/11/2019,0.058,0.364
18/11/2019,0.059,0.372
19/11/2019,0.056,0.365
20/11/2019,0.071,0.388
21/11/2019,0.045,0.367
22/11/2019,0.057,0.391
23/11/2019,0.072,0.394
24/11/2019,0.079,0.395
25/11/2019,0.079,0.386
26/11/2019,0.068,0.395
27/11/2019,0.078,0.383
28/11/2019,0.074,0.382
29/11/2019,0.059,0.387
30/11/2019,0.078,0.372
01/12/2019,0.069,0.397
02/12/2019,0.062,0.389
03/12/2019,0.055,0.376
04/12/2019,0.062,0.367
05/12/2019,0.06,0.376
06/12/2019,0.066,0.377
07/12/2019,0.064,0.407
08/12/2019,0.045,0.351
09/12/2019,0.066,0.383
10/12/2019,0.045,0.377
11/12/2019,0.073,0.376
12/12/2019,0.076,0.395
13/12/2019,0.084,0.389
14/12/2019,0.071,0.396
15/12/2019,0.067,0.388
16/12/2019,0.071,0.382
17/12/2019,0.083,0.394
18/12/2019,0.056,0.369
19/12/2019,0.055,0.371
20/12/2019,0.073,0.382
21/12/2019,0.085,0.4
22/12/2019,0.05,0.423
23/12/2019,0.056,0.368
24/12/2019,0.072,0.388
25/12/2019,0.057,0.386
26/12/2019,0.06,0.372
27/12/2019,0.079,0.369
28/12/2019,0.055,0.366
29/12/2019,0.06,0.384
30/12/2019,0.06,0.384
31/12/2019,0.058,0.385
01/01/2020,0.057,0.365
02/01/2020,0.071,0.386
03/01/2020,0.053,0.39
04/01/2020,0.061,0.363
05/01/2020,0.053,0.356
06/01/2020,0.048,0.373
07/01/2020,0.082,0.383
08/01/2020,0.054,0.382
09/01/2020,0.078,0.378
10/01/2020,0.069,0.368
11/01/2020,0.066,0.392
12/01/2020,0.052,0.375
13/01/2020,0.074,0.385
14/01/2020,0.067,0.375
15/01/2020,0.051,0.376
16/01/2020,0.059,0.384
17/01/2020,0.066,0.389
18/01/2020,0.08,0.38
19/01/2020,0.088,0.393
20/01/2020,0.052,0.363
21/01/2020,0.044,0.376
22/01/2020,0.058,0.38
23/01/2020,0.068,0.371
24/01/2020,0.055,0.375
25/01/2020,0.068,0.345
26/01/2020,0.065,0.376
27/01/2020,0.061,0.373
28/01/2020,0.06,0.377
29/01/2020,0.076,0.384
30/01/2020,0.048,0.373
31/01/2020,0.059,0.368
01/02/2020,0.071,0.379
02/02/2020,0.087,0.403
03/02/2020,0.069,0.371
04/02/2020,0.081,0.391
05/02/2020,0.074,0.372
06/02/2020,0.086,0.369
07/02/2020,0.053,0.36
08/02/2020,0.087,0.384
09/02/2020,0.057,0.379
10/02/2020,0.052,0.369
11/02/2020,0.07,0.37
12/02/2020,0.063,0.368
13/02/2020,0.062,0.389
14/02/2020,0.071,0.379
15/02/2020,0.067,0.376
16/02/2020,0.057,0.389
17/02/2020,0.052,0.365
18/02/2020,0.059,0.383
19/02/2020,0.076,0.388
20/02/2020,0.07,0.373
21/02/2020,0.072,0.384
22/02/2020,0.066,0.391
23/02/2020,0.074,0.385
24/02/2020,0.05,0.374
25/02/2020,0.065,0.373
26/02/2020,0.057,0.368
27/02/2020,0.062,0.388
28/02/2020,0.046,0.382
29/02/2020,0.069,0.367
01/03/2020,0.039,0.374
02/03/2020,0.075,0.377
03/03/2020,0.061,0.395
04/03/2020,0.057,0.377
05/03/2020,0.068,0.384
06/03/2020,0.048,0.381
07/03/2020,0.066,0.383
08/03/2020,0.057,0.378
09/03/2020,0.036,0.39
10/03/2020,0.035,0.397
11/03/2020,0.049,0.383
12/03/2020,0.042,0.374
13/03/2020,0.04,0.386
14/03/2020,0.058,0.372
15/03/2020,0.067,0.403
16/03/2020,0.057,0.392
17/03/2020,0.055,0.387
18/03/2020,0.043,0.367
19/03/2020,0.05,0.384
20/03/2020,0.066,0.399
21/03/2020,0.068,0.4
22/03/2020,0.04,0.384
23/03/2020,0.045,0.386
24/03/2020,0.056,0.39
25/03/2020,0.069,0.389
26/03/2020,0.061,0.392
27/03/2020,0.056,0.393
28/03/2020,0.063,0.393
29/03/2020,0.059,0.4
30/03/2020,0.048,0.385
31/03/2020,0.064,0.401
01/04/2020,0.048,0.386
02/04/2020,0.059,0.388
03/04/2020,0.04,0.4
04/04/2020,0.062,0.408
05/04/2020,0.059,0.39
06/04/2020,0.057,0.389
07/04/2020,0.075,0.398
08/04/2020,0.061,0.396
09/04/2020,0.066,0.406
10/04/2020,0.058,0.414
11/04/2020,0.069,0.383
12/04/2020,0.061,0.396
13/04/2020,0.054,0.398
14/04/2020,0.065,0.408
15/04/2020,0.06,0.399
16/04/2020,0.059,0.397
17/04/2020,0.069,0.395
18/04/2020,0.05,0.376
19/04/2020,0.059,0.402
20/04/2020,0.063,0.39
21/04/2020,0.044,0.394
22/04/2020,0.054,0.392
23/04/2020,0.053,0.392
24/04/2020,0.056,0.404
25/04/2020,0.062,0.407
26/04/2020,0.077,0.39
27/04/2020,0.061,0.402
28/04/2020,0.059,0.392
29/04/2020,0.08,0.392
30/04/2020,0.076,0.403
01/05/2020,0.087,0.409
02/05/2020,0.068,0.378
03/05/2020,0.079,0.399
04/05/2020,0.057,0.39
05/05/2020,0.055,0.381
06/05/2020,0.067,0.393
07/05/2020,0.06,0.379
08/05/2020,0.068,0.389
09/05/2020,0.063,0.382
10/05/2020,0.072,0.402
11/05/2020,0.06,0.373
12/05/2020,0.054,0.386
13/05/2020,0.068,0.395
14/05/2020,0.062,0.384
15/05/2020,0.056,0.385
16/05/2020,0.062,0.386
17/05/2020,0.079,0.393
18/05/2020,0.059,0.381
19/05/2020,0.066,0.388
20/05/2020,0.062,0.384
21/05/2020,0.076,0.381
22/05/2020,0.056,0.383
23/05/2020,0.078,0.4
24/05/2020,0.05,0.399
25/05/2020,0.065,0.388
26/05/2020,0.066,0.396
27/05/2020,0.065,0.386
28/05/2020,0.065,0.396
29/05/2020,0.054,0.378
30/05/2020,0.067,0.393
31/05/2020,0.088,0.395
01/06/2020,0.063,0.375
02/06/2020,0.058,0.386
03/06/2020,0.066,0.39
04/06/2020,0.058,0.378
05/06/2020,0.061,0.377
06/06/2020,0.075,0.394
07/06/2020,0.086,0.402
08/06/2020,0.067,0.378
09/06/2020,0.066,0.368
10/06/2020,0.061,0.371
11/06/2020,0.057,0.376
12/06/2020,0.056,0.376
13/06/2020,0.072,0.389
14/06/2020,0.063,0.362
15/06/2020,0.054,0.351
16/06/2020,0.064,0.365
17/06/2020,0.053,0.358
18/06/2020,0.058,0.366
19/06/2020,0.064,0.364
20/06/2020,0.059,0.371
21/06/2020,0.076,0.376
22/06/2020,0.06,0.357
23/06/2020,0.063,0.369
24/06/2020,0.062,0.37
25/06/2020,0.054,0.367
26/06/2020,0.058,0.359
27/06/2020,0.064,0.342
28/06/2020,0.072,0.359
29/06/2020,0.059,0.352
30/06/2020,0.065,0.377
01/07/2020,0.061,0.364
02/07/2020,0.074,0.374
03/07/2020,0.066,0.362
04/07/2020,0.064,0.337
05/07/2020,0.073,0.362
06/07/2020,0.07,0.368
07/07/2020,0.062,0.376
08/07/2020,0.056,0.36
09/07/2020,0.061,0.362
10/07/2020,0.055,0.36
11/07/2020,0.057,0.359
12/07/2020,0.079,0.361
13/07/2020,0.065,0.379
14/07/2020,0.043,0.367
15/07/2020,0.071,0.374
16/07/2020,0.065,0.366
17/07/2020,0.063,0.36
18/07/2020,0.076,0.369
19/07/2020,0.069,0.378
20/07/2020,0.069,0.364
21/07/2020,0.064,0.364
22/07/2020,0.072,0.364
23/07/2020,0.068,0.369
24/07/2020,0.054,0.352
25/07/2020,0.078,0.36
26/07/2020,0.076,0.357
27/07/2020,0.061,0.348
28/07/2020,0.064,0.373
29/07/2020,0.055,0.334
30/07/2020,0.05,0.35
31/07/2020,0.054,0.353
01/08/2020,0.072,0.341
02/08/2020,0.054,0.35
03/08/2020,0.05,0.345
04/08/2020,0.064,0.358
05/08/2020,0.06,0.361
06/08/2020,0.07,0.371
07/08/2020,0.053,0.35
08/08/2020,0.068,0.379
09/08/2020,0.079,0.384
10/08/2020,0.062,0.34
11/08/2020,0.067,0.364
12/08/2020,0.046,0.308
13/08/2020,0.064,0.354
14/08/2020,0.057,0.354
15/08/2020,0.1,0.358
16/08/2020,0.06,0.378
17/08/2020,0.06,0.351
18/08/2020,0.062,0.371
19/08/2020,0.06,0.354
20/08/2020,0.053,0.359
21/08/2020,0.062,0.361
22/08/2020,0.075,0.359
23/08/2020,0.078,0.363
24/08/2020,0.057,0.344
25/08/2020,0.057,0.363
26/08/2020,0.061,0.368
27/08/2020,0.07,0.36
28/08/2020,0.07,0.37
29/08/2020,0.064,0.393
30/08/2020,0.069,0.361
31/08/2020,0.06,0.359
01/09/2020,0.062,0.385
02/09/2020,0.059,0.344
03/09/2020,0.048,0.307
04/09/2020,0.057,0.368
05/09/2020,0.073,0.373
06/09/2020,0.076,0.358
07/09/2020,0.052,0.336
08/09/2020,0.062,0.36
09/09/2020,0.048,0.356
10/09/2020,0.058,0.359
11/09/2020,0.047,0.345
12/09/2020,0.081,0.4
13/09/2020,0.076,0.352
14/09/2020,0.056,0.354
15/09/2020,0.065,0.377
16/09/2020,0.059,0.371
17/09/2020,0.056,0.366
18/09/2020,0.053,0.362
19/09/2020,0.068,0.348
20/09/2020,0.078,0.352
21/09/2020,0.053,0.348
22/09/2020,0.049,0.361
23/09/2020,0.057,0.37
24/09/2020,0.065,0.35
25/09/2020,0.066,0.365
26/09/2020,0.085,0.394
27/09/2020,0.07,0.37
28/09/2020,0.067,0.368
29/09/2020,0.072,0.364
30/09/2020,0.062,0.358
01/10/2020,0.067,0.359
02/10/2020,0.083,0.377
03/10/2020,0.055,0.356
04/10/2020,0.079,0.385
05/10/2020,0.054,0.335
06/10/2020,0.08,0.359
07/10/2020,0.064,0.361
08/10/2020,0.074,0.354
09/10/2020,0.081,0.375
10/10/2020,0.079,0.331
11/10/2020,0.067,0.343
12/10/2020,0.073,0.335
13/10/2020,0.062,0.344
14/10/2020,0.066,0.363
15/10/2020,0.053,0.368
16/10/2020,0.065,0.363
17/10/2020,0.083,0.354
18/10/2020,0.07,0.353
19/10/2020,0.078,0.353
20/10/2020,0.07,0.35
21/10/2020,0.075,0.334
22/10/2020,0.066,0.358
23/10/2020,0.072,0.345
24/10/2020,0.076,0.387
25/10/2020,0.07,0.364
26/10/2020,0.068,0.339
27/10/2020,0.066,0.361
28/10/2020,0.066,0.358
29/10/2020,0.068,0.369
30/10/2020,0.052,0.337
31/10/2020,0.061,0.33
01/11/2020,0.065,0.337
02/11/2020,0.061,0.331
03/11/2020,0.069,0.346
04/11/2020,0.07,0.357
05/11/2020,0.08,0.348
06/11/2020,0.068,0.36
07/11/2020,0.097,0.396
08/11/2020,0.081,0.38
09/11/2020,0.075,0.349
10/11/2020,0.076,0.363
11/11/2020,0.086,0.373
12/11/2020,0.07,0.337
13/11/2020,0.068,0.365
14/11/2020,0.081,0.385
15/11/2020,0.079,0.361
16/11/2020,0.077,0.351
17/11/2020,0.088,0.355
18/11/2020,0.076,0.354
19/11/2020,0.072,0.368
20/11/2020,0.068,0.368
21/11/2020,0.076,0.304
22/11/2020,0.081,0.375
23/11/2020,0.07,0.352
24/11/2020,0.059,0.346
25/11/2020,0.07,0.329
26/11/2020,0.063,0.347
27/11/2020,0.075,0.372
28/11/2020,0.075,0.368
29/11/2020,0.072,0.378
30/11/2020,0.078,0.343
01/12/2020,0.073,0.351
02/12/2020,0.076,0.358
03/12/2020,0.06,0.358
04/12/2020,0.093,0.365
05/12/2020,0.074,0.35
06/12/2020,0.071,0.36
07/12/2020,0.079,0.373
08/12/2020,0.065,0.368
09/12/2020,0.077,0.368
10/12/2020,0.074,0.356
11/12/2020,0.063,0.366
12/12/2020,0.066,0.362
13/12/2020,0.077,0.377
14/12/2020,0.072,0.336
15/12/2020,0.066,0.362
16/12/2020,0.076,0.359
17/12/2020,0.087,0.373
18/12/2020,0.066,0.35
19/12/2020,0.081,0.387
20/12/2020,0.078,0.367
21/12/2020,0.072,0.364
22/12/2020,0.069,0.358
23/12/2020,0.074,0.364
24/12/2020,0.072,0.342
25/12/2020,0.068,0.328
26/12/2020,0.072,0.319
27/12/2020,0.069,0.353
28/12/2020,0.075,0.344
29/12/2020,0.067,0.365
30/12/2020,0.068,0.365
31/12/2020,0.078,0.376
01/01/2021,0.08,0.36
02/01/2021,0.049,0.361
03/01/2021,0.082,0.382
04/01/2021,0.084,0.35
05/01/2021,0.077,0.382
06/01/2021,0.088,0.379
07/01/2021,0.079,0.383
08/01/2021,0.08,0.385
09/01/2021,0.083,0.38
10/01/2021,0.064,0.341
11/01/2021,0.073,0.351
12/01/2021,0.079,0.389
13/01/2021,0.079,0.359
14/01/2021,0.071,0.354
15/01/2021,0.063,0.366
16/01/2021,0.067,0.373
17/01/2021,0.078,0.376
18/01/2021,0.065,0.35
19/01/2021,0.063,0.35
20/01/2021,0.08,0.359
21/01/2021,0.075,0.353
22/01/2021,0.073,0.363
23/01/2021,0.09,0.385
24/01/2021,0.082,0.38
25/01/2021,0.058,0.34
26/01/2021,0.065,0.344
27/01/2021,0.062,0.352
28/01/2021,0.052,0.36
29/01/2021,0.078,0.363
30/01/2021,0.069,0.4
31/01/2021,0.064,0.372
01/02/2021,0.075,0.38
02/02/2021,0.069,0.368
03/02/2021,0.072,0.352
04/02/2021,0.074,0.356
05/02/2021,0.08,0.381
06/02/2021,0.064,0.339
07/02/2021,0.081,0.36
08/02/2021,0.075,0.347
09/02/2021,0.07,0.343
10/02/2021,0.071,0.352
11/02/2021,0.074,0.352
12/02/2021,0.068,0.333
13/02/2021,0.07,0.333
14/02/2021,0.063,0.354
15/02/2021,0.077,0.357
16/02/2021,0.063,0.367
17/02/2021,0.069,0.366
18/02/2021,0.071,0.373
19/02/2021,0.058,0.378
20/02/2021,0.079,0.359
21/02/2021,0.083,0.379
22/02/2021,0.062,0.355
23/02/2021,0.071,0.375
24/02/2021,0.068,0.379
25/02/2021,0.072,0.38
26/02/2021,0.069,0.376
27/02/2021,0.07,0.383
28/02/2021,0.065,0.374
01/03/2021,0.074,0.338
02/03/2021,0.066,0.37
03/03/2021,0.08,0.36
04/03/2021,0.072,0.375
05/03/2021,0.071,0.381
06/03/2021,0.081,0.353
07/03/2021,0.089,0.391
08/03/2021,0.078,0.368
09/03/2021,0.07,0.384
10/03/2021,0.081,0.381
11/03/2021,0.083,0.374
12/03/2021,0.078,0.37
13/03/2021,0.085,0.398
14/03/2021,0.08,0.395
15/03/2021,0.074,0.349
16/03/2021,0.066,0.371
17/03/2021,0.057,0.363
18/03/2021,0.063,0.365
19/03/2021,0.066,0.365
20/03/2021,0.078,0.349
21/03/2021,0.052,0.353
22/03/2021,0.026,0.155
23/03/2021,0.061,0.365
24/03/2021,0.069,0.367
25/03/2021,0.073,0.361
26/03/2021,0.078,0.387
27/03/2021,0.084,0.387
28/03/2021,0.076,0.367
29/03/2021,0.051,0.287
30/03/2021,0.075,0.367
31/03/2021,0.081,0.38
01/04/2021,0.07,0.372
02/04/2021,0.069,0.365
03/04/2021,0.07,0.374
04/04/2021,0.063,0.355
05/04/2021,0.066,0.355
06/04/2021,0.079,0.374
07/04/2021,0.084,0.366
08/04/2021,0.067,0.375
09/04/2021,0.073,0.369
10/04/2021,0.061,0.352
11/04/2021,0.064,0.339
12/04/2021,0.058,0.344
13/04/2021,0.079,0.366
14/04/2021,0.066,0.335
15/04/2021,0.068,0.36
16/04/2021,0.069,0.373
17/04/2021,0.056,0.326
18/04/2021,0.069,0.342
19/04/2021,0.056,0.332
20/04/2021,0.063,0.353
21/04/2021,0.075,0.377
22/04/2021,0.066,0.35
23/04/2021,0.07,0.368
24/04/2021,0.076,0.362
25/04/2021,0.062,0.376
26/04/2021,0.059,0.329
27/04/2021,0.064,0.371
28/04/2021,0.071,0.361
29/04/2021,0.068,0.354
30/04/2021,0.063,0.355
01/05/2021,0.064,0.361
02/05/2021,0.074,0.381
03/05/2021,0.067,0.348
04/05/2021,0.067,0.366
05/05/2021,0.07,0.363
06/05/2021,0.068,0.369
07/05/2021,0.075,0.358
08/05/2021,0.083,0.373
09/05/2021,0.079,0.362
10/05/2021,0.061,0.338
11/05/2021,0.054,0.345
12/05/2021,0.062,0.366
13/05/2021,0.072,0.354
14/05/2021,0.061,0.353
15/05/2021,0.064,0.33
16/05/2021,0.069,0.366
17/05/2021,0.069,0.351
18/05/2021,0.067,0.365
19/05/2021,0.075,0.359
20/05/2021,0.067,0.372
21/05/2021,0.066,0.375
22/05/2021,0.065,0.347
23/05/2021,0.076,0.379
24/05/2021,0.063,0.368
25/05/2021,0.068,0.362
26/05/2021,0.069,0.358
27/05/2021,0.072,0.383
28/05/2021,0.068,0.359
29/05/2021,0.081,0.38
30/05/2021,0.084,0.374
31/05/2021,0.071,0.351
01/06/2021,0.073,0.36
02/06/2021,0.073,0.373
03/06/2021,0.082,0.374
04/06/2021,0.072,0.37
05/06/2021,0.083,0.364
06/06/2021,0.074,0.385
07/06/2021,0.059,0.35
08/06/2021,0.06,0.367
09/06/2021,0.077,0.367
10/06/2021,0.061,0.38
11/06/2021,0.072,0.352
12/06/2021,0.081,0.384
13/06/2021,0.086,0.382
14/06/2021,0.064,0.351
15/06/2021,0.07,0.376
16/06/2021,0.069,0.371
17/06/2021,0.067,0.375
18/06/2021,0.061,0.377
19/06/2021,0.074,0.382
20/06/2021,0.081,0.36
21/06/2021,0.055,0.349
22/06/2021,0.062,0.376
23/06/2021,0.077,0.392
24/06/2021,0.081,0.38
25/06/2021,0.077,0.372
26/06/2021,0.075,0.358
27/06/2021,0.074,0.356
28/06/2021,0.071,0.359
29/06/2021,0.066,0.376
30/06/2021,0.063,0.375
01/07/2021,0.068,0.367
02/07/2021,0.067,0.379
03/07/2021,0.094,0.406
04/07/2021,0.087,0.387
05/07/2021,0.069,0.361
06/07/2021,0.069,0.381
07/07/2021,0.065,0.369
08/07/2021,0.072,0.367
09/07/2021,0.073,0.377
10/07/2021,0.076,0.377
11/07/2021,0.084,0.377
12/07/2021,0.07,0.358
13/07/2021,0.071,0.381
14/07/2021,0.08,0.388
15/07/2021,0.086,0.379
16/07/2021,0.085,0.389
17/07/2021,0.085,0.36
18/07/2021,0.092,0.372
19/07/2021,0.074,0.361
20/07/2021,0.071,0.375
21/07/2021,0.081,0.382
22/07/2021,0.079,0.374
23/07/2021,0.068,0.37
24/07/2021,0.085,0.402
25/07/2021,0.082,0.376
26/07/2021,0.073,0.361
27/07/2021,0.067,0.364
28/07/2021,0.066,0.366
29/07/2021,0.073,0.374
30/07/2021,0.072,0.371
31/07/2021,0.075,0.365
01/08/2021,0.067,0.37
02/08/2021,0.074,0.348
03/08/2021,0.07,0.376
04/08/2021,0.071,0.375
05/08/2021,0.073,0.374
06/08/2021,0.074,0.385
07/08/2021,0.069,0.358
08/08/2021,0.091,0.369
09/08/2021,0.069,0.356
10/08/2021,0.07,0.37
11/08/2021,0.072,0.371
12/08/2021,0.074,0.372
13/08/2021,0.069,0.371
14/08/2021,0.074,0.35
15/08/2021,0.098,0.382
16/08/2021,0.06,0.343
17/08/2021,0.075,0.38
18/08/2021,0.073,0.378
19/08/2021,0.065,0.349
20/08/2021,0.072,0.39
21/08/2021,0.066,0.378
22/08/2021,0.077,0.376
23/08/2021,0.074,0.376
24/08/2021,0.082,0.381
25/08/2021,0.071,0.38
26/08/2021,0.077,0.378
27/08/2021,0.074,0.38
28/08/2021,0.067,0.377
29/08/2021,0.083,0.378
30/08/2021,0.077,0.362
31/08/2021,0.082,0.386
01/09/2021,0.079,0.372
02/09/2021,0.073,0.367
03/09/2021,0.088,0.405
04/09/2021,0.077,0.389
05/09/2021,0.079,0.389
06/09/2021,0.069,0.366
07/09/2021,0.071,0.377
08/09/2021,0.067,0.367
09/09/2021,0.074,0.379
10/09/2021,0.077,0.354
11/09/2021,0.059,0.377
12/09/2021,0.09,0.36
13/09/2021,0.07,0.382
14/09/2021,0.063,0.389
15/09/2021,0.076,0.391
16/09/2021,0.07,0.39
17/09/2021,0.073,0.389
18/09/2021,0.056,0.386
19/09/2021,0.089,0.392
20/09/2021,0.083,0.369
21/09/2021,0.069,0.375
22/09/2021,0.074,0.393
23/09/2021,0.088,0.39
24/09/2021,0.071,0.38
25/09/2021,0.093,0.377
26/09/2021,0.094,0.381
27/09/2021,0.074,0.362
28/09/2021,0.076,0.375
29/09/2021,0.077,0.379
30/09/2021,0.078,0.381
01/10/2021,0.065,0.373
02/10/2021,0.056,0.399
03/10/2021,0.066,0.376
04/10/2021,0.07,0.383
05/10/2021,0.07,0.386
06/10/2021,0.074,0.397
07/10/2021,0.081,0.376
08/10/2021,0.094,0.397
09/10/2021,0.097,0.402
10/10/2021,0.087,0.376
11/10/2021,0.083,0.396
12/10/2021,0.068,0.386
13/10/2021,0.076,0.393
14/10/2021,0.088,0.382
15/10/2021,0.093,0.386
16/10/2021,0.086,0.353
17/10/2021,0.103,0.385
18/10/2021,0.079,0.384
19/10/2021,0.067,0.375
20/10/2021,0.071,0.386
21/10/2021,0.07,0.377
22/10/2021,0.069,0.382
23/10/2021,0.086,0.391
24/10/2021,0.085,0.387
25/10/2021,0.08,0.389
26/10/2021,0.078,0.383
27/10/2021,0.075,0.384
28/10/2021,0.077,0.377
29/10/2021,0.074,0.366
30/10/2021,0.071,0.345
31/10/2021,0.081,0.369
01/11/2021,0.077,0.363
02/11/2021,0.07,0.375
03/11/2021,0.069,0.374
04/11/2021,0.087,0.375
05/11/2021,0.069,0.365
06/11/2021,0.08,0.366
07/11/2021,0.079,0.39
08/11/2021,0.075,0.371
09/11/2021,0.062,0.359
10/11/2021,0.069,0.369
11/11/2021,0.073,0.382
12/11/2021,0.071,0.368
13/11/2021,0.063,0.358
14/11/2021,0.091,0.37
15/11/2021,0.087,0.367
16/11/2021,0.07,0.376
17/11/2021,0.066,0.372
18/11/2021,0.064,0.366
19/11/2021,0.07,0.381
20/11/2021,0.103,0.403
21/11/2021,0.067,0.375
22/11/2021,0.059,0.357
23/11/2021,0.073,0.382
24/11/2021,0.071,0.38
25/11/2021,0.078,0.365
26/11/2021,0.067,0.375
27/11/2021,0.075,0.385
28/11/2021,0.077,0.373
29/11/2021,0.068,0.36
30/11/2021,0.072,0.381
01/12/2021,0.076,0.366
02/12/2021,0.082,0.383
03/12/2021,0.071,0.375
04/12/2021,0.067,0.362
05/12/2021,0.082,0.36
06/12/2021,0.07,0.358
07/12/2021,0.082,0.373
08/12/2021,0.076,0.378
09/12/2021,0.074,0.369
10/12/2021,0.066,0.372
11/12/2021,0.085,0.348
12/12/2021,0.076,0.38
13/12/2021,0.074,0.364
14/12/2021,0.068,0.372
15/12/2021,0.069,0.384
16/12/2021,0.077,0.369
17/12/2021,0.063,0.376
18/12/2021,0.075,0.363
19/12/2021,0.074,0.374
20/12/2021,0.057,0.367
21/12/2021,0.067,0.376
22/12/2021,0.085,0.377
23/12/2021,0.076,0.379
24/12/2021,0.07,0.37
25/12/2021,0.064,0.369
26/12/2021,0.089,0.378
27/12/2021,0.075,0.382
28/12/2021,0.08,0.379
29/12/2021,0.066,0.373
30/12/2021,0.069,0.375
31/12/2021,0.076,0.376
01/01/2022,0.073,0.355
02/01/2022,0.1,0.394
03/01/2022,0.077,0.376
04/01/2022,0.089,0.388
05/01/2022,0.076,0.366
06/01/2022,0.063,0.373
07/01/2022,0.077,0.382
08/01/2022,0.064,0.358
09/01/2022,0.075,0.384
10/01/2022,0.071,0.358
11/01/2022,0.071,0.386
12/01/2022,0.09,0.376
13/01/2022,0.073,0.381
14/01/2022,0.067,0.37
15/01/2022,0.06,0.363
16/01/2022,0.071,0.386
17/01/2022,0.076,0.368
18/01/2022,0.062,0.383
19/01/2022,0.063,0.37
20/01/2022,0.076,0.379
21/01/2022,0.069,0.371
22/01/2022,0.082,0.372
23/01/2022,0.083,0.392
24/01/2022,0.059,0.361
25/01/2022,0.059,0.369
26/01/2022,0.054,0.37
27/01/2022,0.069,0.374
28/01/2022,0.07,0.366
29/01/2022,0.072,0.374
30/01/2022,0.081,0.39
31/01/2022,0.07,0.363
01/02/2022,0.062,0.359
02/02/2022,0.079,0.371
03/02/2022,0.066,0.365
04/02/2022,0.071,0.371
05/02/2022,0.07,0.341
06/02/2022,0.093,0.387
07/02/2022,0.068,0.366
08/02/2022,0.072,0.377
09/02/2022,0.076,0.376
10/02/2022,0.069,0.371
11/02/2022,0.064,0.363
12/02/2022,0.058,0.357
13/02/2022,0.051,0.369
14/02/2022,0.057,0.354
15/02/2022,0.076,0.377
16/02/2022,0.061,0.384
17/02/2022,0.063,0.372
18/02/2022,0.059,0.376
19/02/2022,0.052,0.364
20/02/2022,0.074,0.382
21/02/2022,0.065,0.365
22/02/2022,0.061,0.376
23/02/2022,0.082,0.376
24/02/2022,0.061,0.376
25/02/2022,0.073,0.384
26/02/2022,0.059,0.381
27/02/2022,0.084,0.371
28/02/2022,0.072,0.354
01/03/2022,0.085,0.351
02/03/2022,0.056,0.359
03/03/2022,0.058,0.371
04/03/2022,0.056,0.36
05/03/2022,0.07,0.37
06/03/2022,0.045,0.355
07/03/2022,0.061,0.362
08/03/2022,0.057,0.385
09/03/2022,0.072,0.36
10/03/2022,0.069,0.376
11/03/2022,0.065,0.368
12/03/2022,0.073,0.372
13/03/2022,0.065,0.358
14/03/2022,0.07,0.362
15/03/2022,0.062,0.377
16/03/2022,0.064,0.381
17/03/2022,0.073,0.357
18/03/2022,0.052,0.39
19/03/2022,0.061,0.361
20/03/2022,0.075,0.367
21/03/2022,0.076,0.38
22/03/2022,0.079,0.385
23/03/2022,0.073,0.363
24/03/2022,0.067,0.377
25/03/2022,0.055,0.357
26/03/2022,0.05,0.378
27/03/2022,0.069,0.383
28/03/2022,0.07,0.36
29/03/2022,0.072,0.372
30/03/2022,0.07,0.377
31/03/2022,0.068,0.378
01/04/2022,0.073,0.365
02/04/2022,0.092,0.366
03/04/2022,0.051,0.369
04/04/2022,0.078,0.374
05/04/2022,0.066,0.378
06/04/2022,0.06,0.368
07/04/2022,0.069,0.374
08/04/2022,0.072,0.373
09/04/2022,0.062,0.399
10/04/2022,0.083,0.39
11/04/2022,0.064,0.362
12/04/2022,0.058,0.367
13/04/2022,0.074,0.383
14/04/2022,0.082,0.396
15/04/2022,0.08,0.394
16/04/2022,0.082,0.386
17/04/2022,0.074,0.402
18/04/2022,0.066,0.375
19/04/2022,0.065,0.387
20/04/2022,0.07,0.373
21/04/2022,0.074,0.384
22/04/2022,0.063,0.365
23/04/2022,0.071,0.356
24/04/2022,0.063,0.379
25/04/2022,0.056,0.36
26/04/2022,0.073,0.367
27/04/2022,0.072,0.372
28/04/2022,0.084,0.383
29/04/2022,0.069,0.37
30/04/2022,0.068,0.39
01/05/2022,0.078,0.388
02/05/2022,0.063,0.366
03/05/2022,0.092,0.376
04/05/2022,0.071,0.369
05/05/2022,0.078,0.382
06/05/2022,0.063,0.368
07/05/2022,0.083,0.383
08/05/2022,0.08,0.377
09/05/2022,0.066,0.378
10/05/2022,0.066,0.384
11/05/2022,0.062,0.372
12/05/2022,0.065,0.371
13/05/2022,0.071,0.379
14/05/2022,0.079,0.381
15/05/2022,0.078,0.389
16/05/2022,0.078,0.377
17/05/2022,0.081,0.383
18/05/2022,0.07,0.368
19/05/2022,0.065,0.373
20/05/2022,0.071,0.38
21/05/2022,0.075,0.362
22/05/2022,0.065,0.384
23/05/2022,0.077,0.381
24/05/2022,0.06,0.364
25/05/2022,0.07,0.378
26/05/2022,0.069,0.371
27/05/2022,0.076,0.376
28/05/2022,0.078,0.385
29/05/2022,0.08,0.378
30/05/2022,0.075,0.372
31/05/2022,0.06,0.364
01/06/2022,0.077,0.376
02/06/2022,0.079,0.373
03/06/2022,0.074,0.38
04/06/2022,0.091,0.399
05/06/2022,0.066,0.386
06/06/2022,0.048,0.283
07/06/2022,0.066,0.381
08/06/2022,0.075,0.369
09/06/2022,0.078,0.375
10/06/2022,0.063,0.371
11/06/2022,0.075,0.38
12/06/2022,0.086,0.389
13/06/2022,0.057,0.37
14/06/2022,0.067,0.374
15/06/2022,0.075,0.383
16/06/2022,0.066,0.369
17/06/2022,0.067,0.378
18/06/2022,0.08,0.391
19/06/2022,0.086,0.377
20/06/2022,0.068,0.364
21/06/2022,0.071,0.376
22/06/2022,0.06,0.378
23/06/2022,0.067,0.379
24/06/2022,0.076,0.384
25/06/2022,0.087,0.396
26/06/2022,0.068,0.384
27/06/2022,0.064,0.368
28/06/2022,0.068,0.378
29/06/2022,0.066,0.38
30/06/2022,0.06,0.37
01/07/2022,0.057,0.378
02/07/2022,0.068,0.407
03/07/2022,0.064,0.406
04/07/2022,0.064,0.37
05/07/2022,0.061,0.384
06/07/2022,0.067,0.385
07/07/2022,0.067,0.383
08/07/2022,0.081,0.372
09/07/2022,0.077,0.381
10/07/2022,0.063,0.396
11/07/2022,0.068,0.381
12/07/2022,0.07,0.367
13/07/2022,0.069,0.375
14/07/2022,0.078,0.392
15/07/2022,0.068,0.385
16/07/2022,0.08,0.387
17/07/2022,0.078,0.37
18/07/2022,0.084,0.377
19/07/2022,0.073,0.363
20/07/2022,0.08,0.376
21/07/2022,0.082,0.376
22/07/2022,0.078,0.366
23/07/2022,0.089,0.392
24/07/2022,0.098,0.388
25/07/2022,0.066,0.362
26/07/2022,0.051,0.362
27/07/2022,0.076,0.376
28/07/2022,0.071,0.374
29/07/2022,0.083,0.372
30/07/2022,0.085,0.378
31/07/2022,0.092,0.4
01/08/2022,0.08,0.367
02/08/2022,0.059,0.369
03/08/2022,0.069,0.378
04/08/2022,0.075,0.369
05/08/2022,0.071,0.372
06/08/2022,0.1,0.384
07/08/2022,0.09,0.387
08/08/2022,0.075,0.365
09/08/2022,0.082,0.381
10/08/2022,0.068,0.366
11/08/2022,0.084,0.375
12/08/2022,0.077,0.376
13/08/2022,0.089,0.365
14/08/2022,0.094,0.398
15/08/2022,0.092,0.375
16/08/2022,0.065,0.37
17/08/2022,0.071,0.366
18/08/2022,0.069,0.365
19/08/2022,0.069,0.372
20/08/2022,0.074,0.371
21/08/2022,0.083,0.394
22/08/2022,0.057,0.365
23/08/2022,0.063,0.376
24/08/2022,0.063,0.371
25/08/2022,0.079,0.377
26/08/2022,0.077,0.375
27/08/2022,0.085,0.394
28/08/2022,0.066,0.37
29/08/2022,0.078,0.374
30/08/2022,0.076,0.381
31/08/2022,0.09,0.387
01/09/2022,0.07,0.372
02/09/2022,0.065,0.376
03/09/2022,0.07,0.384
04/09/2022,0.096,0.409
05/09/2022,0.08,0.371
06/09/2022,0.074,0.377
07/09/2022,0.074,0.379
08/09/2022,0.07,0.375
09/09/2022,0.09,0.378
10/09/2022,0.076,0.378
11/09/2022,0.088,0.376
12/09/2022,0.085,0.386
13/09/2022,0.081,0.382
14/09/2022,0.061,0.375
15/09/2022,0.069,0.371
16/09/2022,0.064,0.373
17/09/2022,0.105,0.384
18/09/2022,0.069,0.386
19/09/2022,0.067,0.384
20/09/2022,0.077,0.388
21/09/2022,0.07,0.375
22/09/2022,0.063,0.364
23/09/2022,0.067,0.378
24/09/2022,0.071,0.4
25/09/2022,0.092,0.394
26/09/2022,0.06,0.365
27/09/2022,0.075,0.371
28/09/2022,0.062,0.364
29/09/2022,0.071,0.372
30/09/2022,0.063,0.366
01/10/2022,0.09,0.383
02/10/2022,0.077,0.374
03/10/2022,0.065,0.362
04/10/2022,0.086,0.382
05/10/2022,0.072,0.37
06/10/2022,0.076,0.382
07/10/2022,0.061,0.369
08/10/2022,0.085,0.383
09/10/2022,0.085,0.405
10/10/2022,0.061,0.362
11/10/2022,0.062,0.366
12/10/2022,0.072,0.362
13/10/2022,0.072,0.367
14/10/2022,0.066,0.366
15/10/2022,0.088,0.386
16/10/2022,0.075,0.356
17/10/2022,0.083,0.357
18/10/2022,0.077,0.376
19/10/2022,0.079,0.368
20/10/2022,0.074,0.371
21/10/2022,0.073,0.364
22/10/2022,0.095,0.376
23/10/2022,0.085,0.367
24/10/2022,0.088,0.365
25/10/2022,0.078,0.372
26/10/2022,0.08,0.367
27/10/2022,0.074,0.367
28/10/2022,0.077,0.363
29/10/2022,0.083,0.385
30/10/2022,0.09,0.39
31/10/2022,0.081,0.366
01/11/2022,0.087,0.354
02/11/2022,0.074,0.369
03/11/2022,0.075,0.357
04/11/2022,0.082,0.373
05/11/2022,0.069,0.371
06/11/2022,0.074,0.363
07/11/2022,0.087,0.365
08/11/2022,0.071,0.341
09/11/2022,0.082,0.371
10/11/2022,0.073,0.368
11/11/2022,0.09,0.36
12/11/2022,0.087,0.375
13/11/2022,0.09,0.372
14/11/2022,0.077,0.358
15/11/2022,0.07,0.364
16/11/2022,0.088,0.37
17/11/2022,0.067,0.371
18/11/2022,0.071,0.368
19/11/2022,0.087,0.372
20/11/2022,0.084,0.395
21/11/2022,0.07,0.365
22/11/2022,0.085,0.374
23/11/2022,0.081,0.376
24/11/2022,0.08,0.372
25/11/2022,0.065,0.36
26/11/2022,0.101,0.385
27/11/2022,0.086,0.376
28/11/2022,0.082,0.38
29/11/2022,0.073,0.359
30/11/2022,0.081,0.37
01/12/2022,0.074,0.365
02/12/2022,0.068,0.363
03/12/2022,0.09,0.381
04/12/2022,0.065,0.383
05/12/2022,0.067,0.368
06/12/2022,0.07,0.375
07/12/2022,0.061,0.361
08/12/2022,0.075,0.375
09/12/2022,0.072,0.369
10/12/2022,0.085,0.38
11/12/2022,0.069,0.377
12/12/2022,0.074,0.366
13/12/2022,0.069,0.37
14/12/2022,0.071,0.37
15/12/2022,0.067,0.367
16/12/2022,0.061,0.369
17/12/2022,0.077,0.389
18/12/2022,0.064,0.364
19/12/2022,0.07,0.381
20/12/2022,0.072,0.38
21/12/2022,0.074,0.378
22/12/2022,0.073,0.371
23/12/2022,0.066,0.379
24/12/2022,0.071,0.389
25/12/2022,0.078,0.382
26/12/2022,0.077,0.378
27/12/2022,0.074,0.379
28/12/2022,0.084,0.384
29/12/2022,0.029,0.184
30/12/2022,0.079,0.378
31/12/2022,0.082,0.375
01/01/2023,0.091,0.371
02/01/2023,0.079,0.362
03/01/2023,0.074,0.373
04/01/2023,0.064,0.371
05/01/2023,0.068,0.364
06/01/2023,0.056,0.367
07/01/2023,0.074,0.36
08/01/2023,0.063,0.374
09/01/2023,0.079,0.368
10/01/2023,0.069,0.371
11/01/2023,0.078,0.369
12/01/2023,0.074,0.379
13/01/2023,0.083,0.38
14/01/2023,0.094,0.373
15/01/2023,0.082,0.359
16/01/2023,0.08,0.371
17/01/2023,0.076,0.368
18/01/2023,0.084,0.377
19/01/2023,0.068,0.367
20/01/2023,0.071,0.375
21/01/2023,0.073,0.389
22/01/2023,0.082,0.361
23/01/2023,0.078,0.367
24/01/2023,0.077,0.36
25/01/2023,0.064,0.362
26/01/2023,0.084,0.374
27/01/2023,0.071,0.371
28/01/2023,0.081,0.356
29/01/2023,0.081,0.379
30/01/2023,0.071,0.371
31/01/2023,0.075,0.373
01/02/2023,0.083,0.389
02/02/2023,0.076,0.381
03/02/2023,0.013,0.067
04/02/2023,0.07,0.39
05/02/2023,0.087,0.372
06/02/2023,0.072,0.371
07/02/2023,0.069,0.374
08/02/2023,0.081,0.38
09/02/2023,0.086,0.382
10/02/2023,0.078,0.369
11/02/2023,0.08,0.397
12/02/2023,0.077,0.361
13/02/2023,0.075,0.377
14/02/2023,0.074,0.373
15/02/2023,0.075,0.367
16/02/2023,0.073,0.381
17/02/2023,0.075,0.377
18/02/2023,0.089,0.381
19/02/2023,0.083,0.355
20/02/2023,0.073,0.362
21/02/2023,0.064,0.36
22/02/2023,0.071,0.369
23/02/2023,0.071,0.376
24/02/2023,0.078,0.386
25/02/2023,0.079,0.379
26/02/2023,0.079,0.35
27/02/2023,0.067,0.376
28/02/2023,0.07,0.374
01/03/2023,0.084,0.377
02/03/2023,0.069,0.374
03/03/2023,0.081,0.381
04/03/2023,0.089,0.367
05/03/2023,0.072,0.348
06/03/2023,0.084,0.375
07/03/2023,0.114,0.376
08/03/2023,0.076,0.38
09/03/2023,0.067,0.365
10/03/2023,0.065,0.371
11/03/2023,0.069,0.356
12/03/2023,0.067,0.37
13/03/2023,0.061,0.367
14/03/2023,0.064,0.372
15/03/2023,0.074,0.366
16/03/2023,0.077,0.378
17/03/2023,0.08,0.374
18/03/2023,0.073,0.376
19/03/2023,0.083,0.357
20/03/2023,0.068,0.375
21/03/2023,0.077,0.371
22/03/2023,0.082,0.374
23/03/2023,0.063,0.36
24/03/2023,0.067,0.373
25/03/2023,0.073,0.368
26/03/2023,0.086,0.385
27/03/2023,0.082,0.376
28/03/2023,0.08,0.372
29/03/2023,0.076,0.368
30/03/2023,0.095,0.389
31/03/2023,0.076,0.374
01/04/2023,0.091,0.37
02/04/2023,0.067,0.372
03/04/2023,0.062,0.36
04/04/2023,0.067,0.376
05/04/2023,0.08,0.375
06/04/2023,0.082,0.386
07/04/2023,0.084,0.366
08/04/2023,0.087,0.357
09/04/2023,0.075,0.377
10/04/2023,0.073,0.378
11/04/2023,0.077,0.376
12/04/2023,0.082,0.384
13/04/2023,0.077,0.385
14/04/2023,0.087,0.379
15/04/2023,0.084,0.368
16/04/2023,0.085,0.348
17/04/2023,0.069,0.376
18/04/2023,0.086,0.38
19/04/2023,0.072,0.378
20/04/2023,0.071,0.376
21/04/2023,0.074,0.381
22/04/2023,0.099,0.384
23/04/2023,0.067,0.376
24/04/2023,0.073,0.367
25/04/2023,0.089,0.381
26/04/2023,0.084,0.385
27/04/2023,0.079,0.373
28/04/2023,0.08,0.376
29/04/2023,0.077,0.346
30/04/2023,0.067,0.338
01/05/2023,0.084,0.363
02/05/2023,0.075,0.368
03/05/2023,0.076,0.363
04/05/2023,0.086,0.373
05/05/2023,0.067,0.362
06/05/2023,0.081,0.362
07/05/2023,0.087,0.37
08/05/2023,0.08,0.372
09/05/2023,0.08,0.373
10/05/2023,0.072,0.377
11/05/2023,0.076,0.373
12/05/2023,0.069,0.369
13/05/2023,0.071,0.377
14/05/2023,0.084,0.382
15/05/2023,0.085,0.367
16/05/2023,0.064,0.369
17/05/2023,0.068,0.367
18/05/2023,0.073,0.376
19/05/2023,0.08,0.369
20/05/2023,0.075,0.369
21/05/2023,0.069,0.359
22/05/2023,0.086,0.377
23/05/2023,0.084,0.375
24/05/2023,0.082,0.378
25/05/2023,0.081,0.378
26/05/2023,0.08,0.371
27/05/2023,0.076,0.369
28/05/2023,0.076,0.371
29/05/2023,0.081,0.375
30/05/2023,0.083,0.376
31/05/2023,0.074,0.365
